﻿<?xml version="1.0" encoding="utf-8"?>
<Project ToolsVersion="15.0" xmlns="http://schemas.microsoft.com/developer/msbuild/2003">
  <PropertyGroup>
    <IncludeCompositeObjects>True</IncludeCompositeObjects>
    <TargetDatabaseName>Weekl</TargetDatabaseName>
    <DeployScriptFileName>Weekl.Database.sql</DeployScriptFileName>
    <TargetConnectionString>Data Source=tcp:81.177.141.24,1433;Persist Security Info=True;User ID=myredsocks;Pooling=False;MultipleActiveResultSets=False;Connect Timeout=60;Encrypt=False;TrustServerCertificate=True</TargetConnectionString>
    <ProfileVersionNumber>1</ProfileVersionNumber>
    <BlockWhenDriftDetected>False</BlockWhenDriftDetected>
    <RegisterDataTierApplication>True</RegisterDataTierApplication>
  </PropertyGroup>
</Project>